{
  "ndata_total": 1726,
  "sn_covariance_diagnostics": {
    "min_eigenvalue_before_regularization": 0.0008027816532252386,
    "jitter_added": 0.0
  },
  "growth_covariance_diagnostics": {
    "min_eigenvalue_before_regularization": 0.002116,
    "jitter_added": 0.0
  },
  "fixed": {
    "gamma": 2.0,
    "emax_prior": 8.0,
    "qmax_prior": 5.0,
    "z_ini_growth": 50.0
  },
  "lcdm": {
    "Omega_m0": 0.37078885799085715,
    "eta": 0.03234793240373652,
    "Mcal": 43.08443068952976,
    "sigma8_0": 0.7361649052688313,
    "chi2_sn": 1989.2730435254448,
    "chi2_bao": 5.311129656475812,
    "chi2_growth": 5.40471650868438,
    "chi2_total": 1999.9888377955363,
    "AIC": 2007.9888377955363,
    "BIC": 2029.8030852821098,
    "q0": -0.4438167130137143,
    "z_t": 0.5027956377627849,
    "boundary_hits": {}
  },
  "minimal_nested": {
    "Omega_m0": 0.3659562741592212,
    "lambda1": 0.12243259649722538,
    "Omega_c": 0.02495553098421476,
    "eta": 0.032526405151211,
    "Omega_L0": 0.6340437258407787,
    "s0": 0.06383928716365551,
    "Mcal": 43.08331170234469,
    "sigma8_0": 0.7357289693138906,
    "chi2_sn": 1989.6144910165242,
    "chi2_bao": 4.797782651921448,
    "chi2_growth": 5.434665090465221,
    "chi2_total": 1999.84682465403,
    "AIC": 2011.84682465403,
    "BIC": 2044.5681958838902,
    "q0": -0.4510655887611681,
    "z_t": 0.5078559061968385,
    "boundary_hits": {
      "Omega_c": {
        "value": 0.02495553098421476,
        "lower": 0.02,
        "upper": 2.0
      }
    }
  },
  "deltas": {
    "Delta_chi2": -0.1420131415063679,
    "Delta_AIC": 3.857986858493632,
    "Delta_BIC": 14.765110601780407
  }
}