{
  "ndata_total": 1726,
  "lcdm_reference": {
    "Omega_m0": 0.37078885799085715,
    "eta": 0.03234793240373652,
    "sigma8_0": 0.7361649052688313,
    "chi2_sn": 1989.2730435254448,
    "chi2_bao": 5.311129656475812,
    "chi2_growth": 5.40471650868438,
    "chi2_total": 1999.9888377955363,
    "AIC": 2007.9888377955363,
    "BIC": 2029.8030852821098
  },
  "best_profiled_nested": {
    "epsilon_g": 0.0,
    "success": true,
    "Omega_m0": 0.3664150978352677,
    "Omega_c": 0.06557657144958617,
    "eta": 0.032514522985352595,
    "lambda1": 0.0,
    "sigma8_0": 0.7388684656961432,
    "Mcal": 43.083074249849695,
    "chi2_sn": 1989.5715846349287,
    "chi2_bao": 4.731279510071517,
    "chi2_growth": 5.343237002692315,
    "chi2_total": 1999.6461011476927,
    "AIC": 2011.6461011476927,
    "BIC": 2044.367472377553
  },
  "epsilon_g_profile": {
    "epsilon_g_best": 0.0,
    "upper_68": 0.26757976510603954,
    "upper_95": 0.5928884633230266
  },
  "deltas_vs_lcdm": {
    "Delta_chi2": -0.34273664784359426,
    "Delta_AIC": 3.6572633521564057,
    "Delta_BIC": 14.56438709544318
  }
}